Name,Age,Gender,Department,Attendance,StudyHours,AssignmentScore,InternalMarks,PreviousGPA,FinalMarks
Deepak_1,18,Male,EEE,62.2,2.3,46.1,83.1,7.73,78.3
Ananya_2,18,Male,ECE,61.6,6.4,73.7,81.5,8.51,94.6
Karan_3,22,Female,CSE,87.9,2.4,65.4,53.1,6.08,77.7
Priya_4,18,Female,CSE,67.9,4.1,55.9,37.8,7.3,65.3
Amit_5,18,Female,CE,94.3,4.3,51.5,39.5,8.31,80.4
Rohan_6,19,Male,ME,63.9,6.7,61.9,59.1,6.05,78.7
Tanvi_7,23,Male,CE,81.7,5.8,54.7,65.0,6.35,88.3
Arjun_8,22,Male,EEE,92.1,8.0,53.7,37.1,6.58,80.3
Rahul_9,22,Female,ECE,82.8,4.6,94.9,64.8,6.32,88.7
Ishita_10,22,Female,CE,71.4,6.3,61.7,99.8,5.69,95.3
Ananya_11,18,Male,ECE,89.6,4.8,43.8,59.8,9.98,86.5
Ishita_12,18,Male,CE,87.5,7.9,60.4,54.1,5.79,82.3
Simran_13,23,Female,CE,88.1,5.6,46.4,75.6,9.21,92.6
Rahul_14,19,Female,ECE,77.0,8.0,71.8,35.0,6.62,77.9
Pooja_15,20,Male,CSE,62.0,6.1,44.7,82.6,9.08,93.8
Ishita_16,19,Male,ME,97.3,2.5,71.7,74.4,9.82,98.5
Simran_17,23,Male,EEE,69.9,7.0,62.4,93.5,7.26,95.3
Rohan_18,20,Male,CE,77.7,6.3,40.4,81.0,5.29,79.9
Ananya_19,20,Male,CE,61.9,7.0,52.9,43.6,9.68,81.5
Riya_20,19,Female,ME,59.5,1.9,65.9,62.5,7.34,74.9
Tanvi_21,23,Male,CSE,70.1,4.1,91.7,51.2,5.95,80.0
Divya_22,19,Female,ME,62.5,9.3,66.6,91.0,7.75,98.4
Ishita_23,18,Male,ECE,58.3,5.4,52.8,61.1,5.29,72.0
Amit_24,20,Female,EEE,71.2,9.6,99.7,71.1,8.59,100.0
Kavya_25,19,Male,CE,86.8,1.5,58.8,38.3,7.38,72.5
Manish_26,19,Male,CE,54.0,2.7,75.7,78.9,6.18,75.3
Sanjay_27,19,Male,CE,54.1,6.9,73.9,55.6,6.3,83.0
Siddharth_28,19,Female,ME,56.5,6.8,67.4,95.4,9.68,95.8
Meera_29,22,Male,CSE,76.9,5.6,47.9,57.7,5.34,73.5
Kavya_30,19,Female,CE,85.2,6.5,99.2,77.5,5.04,100.0
Kavya_31,23,Male,ECE,63.2,9.0,84.5,45.1,6.41,85.1
Siddharth_32,19,Female,CE,74.4,9.1,90.8,41.0,7.12,90.4
Aarav_33,20,Male,EEE,58.1,5.0,82.3,71.5,5.56,88.2
Arjun_34,19,Male,EEE,79.1,2.3,47.6,55.0,9.49,78.6
Ananya_35,20,Male,ECE,83.3,4.2,73.6,91.9,9.87,100.0
Sneha_36,19,Male,ME,51.2,7.6,59.9,95.5,9.01,100.0
Sneha_37,20,Male,CSE,69.1,1.3,68.2,48.0,9.59,72.1
Sneha_38,19,Male,ECE,69.9,3.5,44.2,85.3,6.76,80.7
Tanvi_39,22,Female,CSE,55.8,9.7,50.7,97.6,6.33,93.8
Divya_40,20,Female,ME,80.3,5.6,63.1,72.5,6.27,89.9
Aarav_41,22,Male,EEE,71.6,9.5,95.2,75.5,8.32,100.0
Kavya_42,22,Female,ME,66.3,7.3,73.3,47.5,8.32,85.2
Simran_43,19,Female,ME,77.4,1.0,57.2,62.9,7.9,75.5
Karan_44,21,Female,ECE,75.6,8.1,97.6,82.8,8.29,100.0
Tanvi_45,23,Female,CSE,90.9,7.8,80.4,49.6,6.0,86.9
Sneha_46,21,Male,ME,70.7,6.7,51.7,80.3,7.47,87.8
Deepak_47,23,Male,CSE,88.9,3.0,88.2,80.2,7.32,95.1
Priya_48,21,Male,ME,83.4,9.9,75.7,96.8,9.46,100.0
Simran_49,22,Female,CE,72.3,2.4,91.7,64.3,8.76,90.4
Aditya_50,22,Female,ECE,63.7,1.7,57.1,52.7,6.6,66.5
Vikram_51,19,Male,ME,84.7,7.4,43.9,61.5,7.71,86.8
Rahul_52,21,Female,CE,97.3,1.2,92.8,72.4,7.38,95.1
Kavya_53,21,Female,CE,87.4,5.9,76.2,49.3,6.1,84.5
Aarav_54,21,Female,ME,86.2,8.6,95.2,98.7,7.67,100.0
Sanjay_55,22,Male,CSE,82.1,2.2,67.7,38.3,6.9,67.3
Siddharth_56,20,Female,EEE,87.6,8.5,55.1,40.3,5.1,81.6
Pooja_57,19,Male,CSE,87.7,9.5,52.0,36.3,5.76,79.2
Tanvi_58,18,Male,ME,85.0,7.9,50.1,74.5,8.74,93.2
Neha_59,20,Male,CE,51.3,3.8,80.6,97.3,6.98,92.6
Rohan_60,22,Male,CSE,84.9,3.7,81.1,87.4,8.98,100.0
Ananya_61,20,Female,EEE,53.4,6.8,40.8,62.3,7.45,76.6
Pooja_62,23,Female,ECE,71.8,7.6,97.9,52.6,9.04,98.3
Riya_63,21,Female,CE,63.4,8.7,89.8,40.6,9.41,90.5
Karan_64,22,Female,EEE,51.4,8.7,50.9,48.8,8.99,80.8
Meera_65,23,Female,CE,50.5,9.5,45.1,81.8,7.44,93.7
Arjun_66,21,Female,ME,89.6,1.8,53.3,80.0,6.53,82.1
Riya_67,22,Female,ME,99.8,6.0,61.1,64.5,6.53,88.2
Simran_68,19,Female,CSE,87.1,9.6,81.4,47.5,8.69,97.9
Sanjay_69,22,Female,CSE,91.6,3.7,61.7,54.6,8.54,80.0
Ananya_70,18,Female,ECE,81.9,7.8,46.2,35.8,6.42,76.7
Siddharth_71,19,Male,EEE,97.1,5.3,89.3,61.0,5.37,93.2
Ananya_72,19,Male,CE,97.5,1.8,54.9,71.3,7.08,82.7
Meera_73,19,Female,ME,95.4,3.7,75.3,62.9,7.84,85.2
Simran_74,18,Male,ECE,63.2,1.7,54.4,70.9,5.78,69.1
Arjun_75,22,Female,EEE,51.6,3.6,57.0,90.9,5.36,76.0
Aditya_76,23,Male,ME,55.7,3.0,48.9,52.3,5.71,59.0
Kavya_77,22,Female,ME,56.2,7.2,82.0,96.3,7.5,100.0
Rohan_78,22,Male,ME,86.7,6.4,41.6,49.9,8.37,85.9
Sanjay_79,18,Female,CE,52.0,7.8,68.2,77.3,9.58,92.6
Sanjay_80,21,Female,CSE,73.5,4.7,59.3,41.8,5.8,70.3
Riya_81,20,Female,CE,51.8,1.8,55.1,42.5,8.86,67.5
Aarav_82,23,Female,ME,52.7,5.7,77.4,67.4,7.21,80.3
Aditya_83,22,Male,EEE,71.9,7.3,47.3,98.3,8.04,95.9
Neha_84,20,Male,CE,70.4,3.0,90.5,42.4,9.74,83.5
Vikram_85,21,Female,CE,85.3,4.7,68.9,65.7,7.28,84.3
Rahul_86,22,Male,CSE,63.8,8.1,64.9,95.7,7.54,100.0
Kavya_87,23,Female,CE,79.0,6.9,91.9,64.0,7.42,95.5
Ishita_88,21,Female,EEE,93.5,9.8,54.3,59.9,9.28,100.0
Siddharth_89,23,Female,ME,69.3,7.0,89.2,98.8,7.48,100.0
Manish_90,22,Female,CSE,93.7,5.0,71.6,64.7,8.61,92.8
Deepak_91,19,Male,ME,89.1,3.4,77.4,60.8,5.4,80.5
Tanvi_92,22,Female,EEE,81.3,9.0,69.3,70.2,8.09,98.2
Tanvi_93,20,Male,CSE,71.7,1.9,78.0,91.7,7.22,90.7
Aarav_94,18,Female,CSE,64.7,4.4,48.7,69.5,7.83,82.3
Neha_95,19,Male,CE,93.5,6.6,54.4,94.3,5.72,97.5
Aditya_96,21,Female,CSE,94.9,5.2,57.3,70.5,5.37,90.9
Sanjay_97,20,Female,EEE,72.8,3.7,100.0,90.5,5.53,94.0
Pooja_98,22,Female,EEE,51.1,8.5,63.7,35.5,9.33,83.8
Ananya_99,22,Female,EEE,88.8,3.1,88.1,49.2,5.95,78.6
Simran_100,23,Male,CSE,95.2,6.8,58.5,63.7,7.9,95.8
Rohan_101,20,Female,ME,58.8,2.2,72.4,98.1,7.65,92.1
Neha_102,20,Female,EEE,87.3,4.0,46.9,97.6,5.7,93.8
Tanvi_103,23,Female,CE,68.3,8.1,40.8,69.9,7.27,88.3
Tanvi_104,20,Female,EEE,55.4,3.1,41.5,92.5,7.81,84.1
Sneha_105,23,Male,ME,95.5,3.7,64.5,44.1,9.73,82.2
Riya_106,18,Male,ECE,94.4,2.2,67.2,78.6,8.72,95.3
Divya_107,22,Male,ME,82.7,8.5,76.9,96.0,6.4,100.0
Rahul_108,21,Female,ECE,92.8,1.9,81.1,70.4,9.89,91.2
Amit_109,20,Male,CSE,97.5,8.4,45.5,48.8,8.2,94.9
Ananya_110,20,Male,ECE,89.3,2.8,89.8,71.0,7.93,95.6
Sneha_111,20,Male,CE,50.1,8.7,48.7,43.4,6.25,70.9
Tanvi_112,18,Male,CSE,67.9,8.1,75.3,36.0,6.33,77.6
Divya_113,22,Male,CSE,73.8,8.0,70.8,42.1,7.52,90.4
Ananya_114,23,Female,ME,82.2,1.3,99.9,90.1,7.13,90.6
Arjun_115,21,Male,CSE,66.1,2.3,47.6,75.6,7.93,78.6
Amit_116,22,Female,ME,75.3,4.9,87.6,42.4,8.27,88.1
Ishita_117,23,Male,ME,72.6,3.1,60.3,64.5,7.08,73.7
Divya_118,20,Female,EEE,97.7,7.2,68.5,40.9,5.43,84.0
Simran_119,23,Female,ECE,77.8,6.3,73.7,56.4,5.61,83.1
Tanvi_120,21,Male,EEE,80.0,4.2,74.7,48.8,8.28,80.1
Priya_121,20,Female,CSE,88.1,6.2,88.4,89.9,9.87,100.0
Meera_122,23,Male,CE,96.5,8.5,56.0,46.7,8.51,90.8
Siddharth_123,20,Male,ECE,93.5,6.1,64.0,44.2,8.17,81.7
Simran_124,22,Male,ME,71.0,4.1,62.2,81.9,8.88,90.7
Rohan_125,18,Male,ECE,87.7,1.4,44.9,63.8,7.12,74.3
Divya_126,20,Male,CE,55.7,4.9,57.0,79.1,7.43,84.6
Ananya_127,19,Female,CE,52.7,2.8,96.7,84.9,8.82,89.6
Priya_128,18,Female,ME,58.8,4.4,82.2,67.5,9.17,91.3
Rohan_129,21,Male,ME,50.9,9.3,91.7,72.4,7.87,100.0
Divya_130,20,Male,ME,51.0,3.9,88.1,75.2,9.16,93.4
Rohan_131,21,Male,ECE,71.8,4.6,44.7,91.6,8.73,87.4
Neha_132,18,Male,CE,75.5,9.2,61.0,82.3,9.09,100.0
Sneha_133,18,Male,EEE,59.9,6.4,85.6,77.6,5.89,94.0
Riya_134,21,Female,CE,82.1,9.9,59.4,98.1,6.58,100.0
Riya_135,21,Female,EEE,79.6,4.2,44.5,65.0,5.19,73.3
Kavya_136,18,Male,CE,79.7,4.5,74.8,97.0,8.69,96.6
Sanjay_137,23,Male,EEE,80.3,5.5,97.5,64.3,9.05,100.0
Arjun_138,18,Male,CSE,62.4,4.9,66.4,69.0,5.79,78.9
Kavya_139,21,Female,EEE,83.9,1.5,77.9,56.8,6.65,78.0
Amit_140,20,Female,CE,93.7,4.0,75.0,44.2,6.75,85.8
Arjun_141,23,Female,ECE,79.8,9.4,58.6,59.5,8.96,100.0
Tanvi_142,23,Male,ME,75.4,1.2,58.5,96.8,6.71,86.4
Rahul_143,19,Male,ECE,53.9,8.6,46.1,85.1,9.18,98.5
Ananya_144,23,Female,CE,56.6,4.4,49.7,89.0,8.86,89.5
Neha_145,23,Female,CSE,70.5,7.1,54.3,63.9,6.42,86.6
Karan_146,19,Male,EEE,98.3,8.1,94.2,47.6,8.39,100.0
Karan_147,21,Female,ME,75.1,4.8,49.7,48.0,8.02,79.8
Ananya_148,23,Female,EEE,77.7,1.9,90.8,90.3,6.43,94.0
Aditya_149,21,Male,ME,54.6,9.2,89.0,92.5,9.65,100.0
Amit_150,22,Female,ECE,69.3,1.7,53.5,55.7,5.5,67.6
Siddharth_151,19,Male,CSE,64.3,8.5,81.8,44.0,8.53,89.7
Aarav_152,18,Male,EEE,60.8,2.3,96.4,74.6,7.12,88.2
Sneha_153,20,Male,CSE,61.9,6.8,77.4,39.1,9.18,83.9
Ishita_154,18,Male,ECE,64.6,1.0,61.2,72.1,5.94,72.7
Manish_155,20,Male,CE,77.2,8.1,70.5,36.3,9.37,84.1
Amit_156,20,Female,CSE,67.9,1.6,54.5,77.7,5.52,73.7
Siddharth_157,19,Male,EEE,77.3,8.3,50.5,85.6,7.32,99.3
Deepak_158,19,Male,CSE,85.8,9.5,42.2,48.1,8.96,94.4
Siddharth_159,20,Female,CE,73.7,1.3,78.8,53.6,9.31,74.2
Deepak_160,20,Female,CSE,90.0,4.9,64.0,63.6,9.78,91.0
Neha_161,21,Female,EEE,96.2,5.7,88.1,82.3,5.39,100.0
Neha_162,22,Female,EEE,55.1,4.0,57.7,64.0,8.59,74.4
Karan_163,20,Female,CSE,86.3,9.2,76.9,63.3,8.2,100.0
Ananya_164,18,Female,EEE,75.7,7.7,49.6,37.0,9.24,83.8
Karan_165,18,Male,CSE,61.8,6.8,61.7,96.7,5.16,88.6
Karan_166,20,Female,ME,88.2,6.2,71.8,60.9,8.25,90.8
Priya_167,18,Male,ME,75.9,9.2,47.1,85.4,8.52,97.8
Meera_168,20,Female,ECE,56.1,8.7,67.1,93.4,7.23,95.6
Tanvi_169,20,Female,CSE,77.5,3.6,58.0,45.2,8.55,77.8
Neha_170,20,Male,CSE,99.3,8.1,54.2,67.1,6.8,96.4
Karan_171,22,Male,CE,94.2,1.6,63.9,81.6,7.39,86.0
Divya_172,22,Male,ECE,98.6,6.8,67.0,79.2,6.72,100.0
Ishita_173,23,Male,ECE,71.6,9.2,43.3,43.1,5.77,75.0
Siddharth_174,23,Male,EEE,97.4,5.7,57.0,40.1,5.98,83.4
Aditya_175,19,Female,CE,76.7,5.5,50.1,96.2,5.77,92.2
Simran_176,22,Female,CE,52.1,8.8,44.9,96.7,8.86,95.5
Rahul_177,22,Female,CE,81.9,5.5,77.6,53.8,9.78,91.8
Tanvi_178,21,Female,ME,53.6,1.5,66.4,66.5,6.02,70.1
Siddharth_179,23,Female,EEE,98.8,2.2,62.2,71.5,6.6,83.6
Aditya_180,21,Male,ECE,54.8,3.6,63.0,75.0,6.24,80.8
Neha_181,20,Female,ECE,88.2,5.5,70.9,67.4,6.54,85.4
Amit_182,22,Female,ECE,60.8,4.2,43.0,67.2,9.41,80.3
Riya_183,20,Male,CSE,71.5,8.9,83.7,84.7,6.83,100.0
Sanjay_184,22,Male,EEE,77.7,1.7,70.3,84.7,6.4,88.6
Tanvi_185,22,Male,ECE,98.8,4.5,87.7,57.0,9.69,99.8
Rahul_186,22,Female,CE,52.0,1.4,82.8,87.3,7.6,79.4
Manish_187,19,Female,CE,65.9,4.5,77.0,89.8,7.97,94.4
Manish_188,22,Female,CE,65.0,8.3,62.1,78.8,9.9,100.0
Simran_189,23,Male,CE,73.7,9.7,87.0,85.5,7.89,100.0
Sanjay_190,21,Male,CE,81.5,6.6,90.5,44.6,8.4,87.2
Arjun_191,18,Male,CSE,72.1,4.8,64.8,48.3,7.51,79.3
Riya_192,23,Male,ECE,75.9,6.0,99.9,66.1,6.88,100.0
Karan_193,22,Female,CE,67.7,7.9,83.3,76.8,8.47,100.0
Rahul_194,19,Female,CE,64.9,9.5,98.9,85.1,8.52,100.0
Riya_195,20,Female,EEE,78.0,9.4,83.3,53.7,7.87,98.8
Amit_196,20,Male,EEE,52.1,9.6,44.7,95.1,8.28,100.0
Rahul_197,19,Female,CE,84.8,2.2,76.9,73.1,6.21,85.6
Manish_198,19,Male,CSE,55.0,4.0,68.3,79.3,5.69,84.6
Neha_199,21,Female,ME,82.5,7.8,57.2,53.6,5.3,86.5
Deepak_200,22,Male,CE,86.9,8.7,42.2,94.9,7.09,100.0
